<?xml version="1.0" encoding="UTF-8"?>
<project-private xmlns="http://www.netbeans.org/ns/project-private/1">
    <editor-bookmarks xmlns="http://www.netbeans.org/ns/editor-bookmarks/2" lastBookmarkId="0"/>
    <open-files xmlns="http://www.netbeans.org/ns/projectui-open-files/2">
        <group>
            <file>file:/D:/coding/Classes/GitHub/SpringAssignment/Assignment3/web/WEB-INF/jsp/index.jsp</file>
            <file>file:/D:/coding/Classes/GitHub/SpringAssignment/Assignment3/web/WEB-INF/jsp/orders.jsp</file>
            <file>file:/D:/coding/Classes/GitHub/SpringAssignment/Assignment3/web/WEB-INF/jsp/greeting.jsp</file>
            <file>file:/D:/coding/Classes/GitHub/SpringAssignment/Assignment3/web/WEB-INF/jsp/giftDetails.jsp</file>
            <file>file:/D:/coding/Classes/GitHub/SpringAssignment/Assignment3/src/java/com/controllers/GiftController.java</file>
        </group>
    </open-files>
</project-private>
